{
    "MAE": 9696.458921740828,
    "RMSE": 18080.688607670698,
    "R2": 0.998970565951463
}